Model,MAE,RMSE,MAPE,Forecast Month 1,Forecast Month 2,Forecast Month 3
SARIMA,17267.934366147678,19805.400500148775,0.4161297088182463,54763.42067915497,52819.12858642867,76002.37097313325
Prophet,40970.325034558286,53868.94865619383,0.40039864939614395,42990.53220212094,31248.15992200324,81267.00777220097
XGBoost,15110.779374999998,19239.1671512118,0.148125596283194,88694.1015625,86699.46875,85878.0703125
